<?xml version="1.0" encoding="UTF-8"?>

<!DOCTYPE struts PUBLIC
	"-//Apache Software Foundation//DTD Struts Configuration 2.0//EN"
	"http://struts.apache.org/dtds/struts-2.0.dtd">

<struts>

	<package name="member" namespace="/member" extends="struts-default">
		<action name="member_*" class="kr.kosta.mall.action.MemberAction" method="{1}">
			<result>/member/memberResult.jsp</result>
		</action>

	</package>

	<package name="noSitemesh" namespace="/noSitemesh" extends="struts-default">
		<action name="member_*" class="kr.kosta.mall.action.MemberAction" method="{1}">
			<result>/noSitemesh/memberResult.jsp</result>
		</action>
	</package>
<!--
	<package name="ajax" namespace="/ajax" extends="struts-default">
		<action name="member_*" class="kr.kosta.mall.action.MemberAction" method="{1}">
			<result name="ajax">
 				<param name="resultString">memberName</param>
 			</result>
		</action>
	</package>
	 -->
</struts>