<?xml version="1.0" encoding="UTF-8"?>
<!DOCTYPE sqlMap
  PUBLIC "-//ibatis.apache.org//DTD SQL Map 2.0//EN"
  "http://ibatis.apache.org/dtd/sql-map-2.dtd">
<sqlMap>
	<typeAlias alias="member" type="kr.kosta.mall.memberentity.bdt.Member"/>

	<resultMap id="MemberResult" class="kr.kosta.mall.memberentity.bdt.Member" >
		<result property="id"			column="id"			javaType="int"				jdbcType="NUMERIC"/>
		<result property="name" 		column="name" 		javaType="string"			jdbcType="VARCHAR"/>
		<result property="password" 	column="password"	javaType="string"			jdbcType="VARCHAR"/>
		<result property="phone"		column="phone"		javaType="string"			jdbcType="VARCHAR"/>
	</resultMap>

	<!-- 회원조회 -->
	<select id="findMember" resultMap="MemberResult" parameterClass="int">
		SELECT
			id, name, password, phone
		FROM
			member
		WHERE
			id = #id:NUMERIC#
	</select>

	<!-- 회원등록 -->
	<insert id="registMember" parameterClass="member">
		INSERT
		INTO member (id, name, password, phone)
		VALUES (#id:NUMERIC#, #name:VARCHAR#, #password:VARCHAR#, #phone:VARCHAR#);
	</insert>

</sqlMap>
